{
  "post_training_w": 0.9880474150180817,
  "target_return_z": 1.0,
  "last_n_updates": 6,
  "last_terminal_wealth": 1.365769386291504,
  "n_eval_seeds": 3,
  "ctrl_mean_terminal_wealth": 1.0565882126490276,
  "oracle_mean_terminal_wealth": 1.0546913146972656,
  "mean_terminal_wealth_delta": 0.0018968979517618816,
  "ctrl_win_rate": 1.0
}
